-- MySQL dump 10.13  Distrib 8.0.45, for Win64 (x86_64)
--
-- Host: localhost    Database: finalproject
-- ------------------------------------------------------
-- Server version	9.6.0

/*!40101 SET @OLD_CHARACTER_SET_CLIENT=@@CHARACTER_SET_CLIENT */;
/*!40101 SET @OLD_CHARACTER_SET_RESULTS=@@CHARACTER_SET_RESULTS */;
/*!40101 SET @OLD_COLLATION_CONNECTION=@@COLLATION_CONNECTION */;
/*!50503 SET NAMES utf8 */;
/*!40103 SET @OLD_TIME_ZONE=@@TIME_ZONE */;
/*!40103 SET TIME_ZONE='+00:00' */;
/*!40014 SET @OLD_UNIQUE_CHECKS=@@UNIQUE_CHECKS, UNIQUE_CHECKS=0 */;
/*!40014 SET @OLD_FOREIGN_KEY_CHECKS=@@FOREIGN_KEY_CHECKS, FOREIGN_KEY_CHECKS=0 */;
/*!40101 SET @OLD_SQL_MODE=@@SQL_MODE, SQL_MODE='NO_AUTO_VALUE_ON_ZERO' */;
/*!40111 SET @OLD_SQL_NOTES=@@SQL_NOTES, SQL_NOTES=0 */;
SET @MYSQLDUMP_TEMP_LOG_BIN = @@SESSION.SQL_LOG_BIN;
SET @@SESSION.SQL_LOG_BIN= 0;

--
-- GTID state at the beginning of the backup 
--

SET @@GLOBAL.GTID_PURGED=/*!80000 '+'*/ 'a0d868be-fb38-11f0-92a3-f4f19e1ea60f:1-2363';

--
-- Table structure for table `cache`
--

DROP TABLE IF EXISTS `cache`;
/*!40101 SET @saved_cs_client     = @@character_set_client */;
/*!50503 SET character_set_client = utf8mb4 */;
CREATE TABLE `cache` (
  `key` varchar(255) COLLATE utf8mb4_unicode_ci NOT NULL,
  `value` mediumtext COLLATE utf8mb4_unicode_ci NOT NULL,
  `expiration` int NOT NULL,
  PRIMARY KEY (`key`)
) ENGINE=InnoDB DEFAULT CHARSET=utf8mb4 COLLATE=utf8mb4_unicode_ci;
/*!40101 SET character_set_client = @saved_cs_client */;

--
-- Dumping data for table `cache`
--

LOCK TABLES `cache` WRITE;
/*!40000 ALTER TABLE `cache` DISABLE KEYS */;
INSERT INTO `cache` VALUES ('laravel-cache-boost.roster.scan','a:2:{s:6:\"roster\";O:21:\"Laravel\\Roster\\Roster\":3:{s:13:\"\0*\0approaches\";O:29:\"Illuminate\\Support\\Collection\":2:{s:8:\"\0*\0items\";a:0:{}s:28:\"\0*\0escapeWhenCastingToString\";b:0;}s:11:\"\0*\0packages\";O:32:\"Laravel\\Roster\\PackageCollection\":2:{s:8:\"\0*\0items\";a:10:{i:0;O:22:\"Laravel\\Roster\\Package\":6:{s:9:\"\0*\0direct\";b:1;s:13:\"\0*\0constraint\";s:5:\"^12.0\";s:10:\"\0*\0package\";E:37:\"Laravel\\Roster\\Enums\\Packages:LARAVEL\";s:14:\"\0*\0packageName\";s:17:\"laravel/framework\";s:10:\"\0*\0version\";s:7:\"12.50.0\";s:6:\"\0*\0dev\";b:0;}i:1;O:22:\"Laravel\\Roster\\Package\":6:{s:9:\"\0*\0direct\";b:0;s:13:\"\0*\0constraint\";s:7:\"v0.3.12\";s:10:\"\0*\0package\";E:37:\"Laravel\\Roster\\Enums\\Packages:PROMPTS\";s:14:\"\0*\0packageName\";s:15:\"laravel/prompts\";s:10:\"\0*\0version\";s:6:\"0.3.12\";s:6:\"\0*\0dev\";b:0;}i:2;O:22:\"Laravel\\Roster\\Package\":6:{s:9:\"\0*\0direct\";b:1;s:13:\"\0*\0constraint\";s:4:\"^2.3\";s:10:\"\0*\0package\";E:36:\"Laravel\\Roster\\Enums\\Packages:BREEZE\";s:14:\"\0*\0packageName\";s:14:\"laravel/breeze\";s:10:\"\0*\0version\";s:5:\"2.3.8\";s:6:\"\0*\0dev\";b:1;}i:3;O:22:\"Laravel\\Roster\\Package\":6:{s:9:\"\0*\0direct\";b:0;s:13:\"\0*\0constraint\";s:6:\"v0.5.5\";s:10:\"\0*\0package\";E:33:\"Laravel\\Roster\\Enums\\Packages:MCP\";s:14:\"\0*\0packageName\";s:11:\"laravel/mcp\";s:10:\"\0*\0version\";s:5:\"0.5.5\";s:6:\"\0*\0dev\";b:1;}i:4;O:22:\"Laravel\\Roster\\Package\":6:{s:9:\"\0*\0direct\";b:1;s:13:\"\0*\0constraint\";s:5:\"^1.24\";s:10:\"\0*\0package\";E:34:\"Laravel\\Roster\\Enums\\Packages:PINT\";s:14:\"\0*\0packageName\";s:12:\"laravel/pint\";s:10:\"\0*\0version\";s:6:\"1.27.0\";s:6:\"\0*\0dev\";b:1;}i:5;O:22:\"Laravel\\Roster\\Package\":6:{s:9:\"\0*\0direct\";b:1;s:13:\"\0*\0constraint\";s:5:\"^1.41\";s:10:\"\0*\0package\";E:34:\"Laravel\\Roster\\Enums\\Packages:SAIL\";s:14:\"\0*\0packageName\";s:12:\"laravel/sail\";s:10:\"\0*\0version\";s:6:\"1.52.0\";s:6:\"\0*\0dev\";b:1;}i:6;O:22:\"Laravel\\Roster\\Package\":6:{s:9:\"\0*\0direct\";b:1;s:13:\"\0*\0constraint\";s:4:\"^4.1\";s:10:\"\0*\0package\";E:34:\"Laravel\\Roster\\Enums\\Packages:PEST\";s:14:\"\0*\0packageName\";s:12:\"pestphp/pest\";s:10:\"\0*\0version\";s:5:\"4.3.2\";s:6:\"\0*\0dev\";b:1;}i:7;O:22:\"Laravel\\Roster\\Package\":6:{s:9:\"\0*\0direct\";b:0;s:13:\"\0*\0constraint\";s:6:\"12.5.8\";s:10:\"\0*\0package\";E:37:\"Laravel\\Roster\\Enums\\Packages:PHPUNIT\";s:14:\"\0*\0packageName\";s:15:\"phpunit/phpunit\";s:10:\"\0*\0version\";s:6:\"12.5.8\";s:6:\"\0*\0dev\";b:1;}i:8;O:22:\"Laravel\\Roster\\Package\":6:{s:9:\"\0*\0direct\";b:0;s:13:\"\0*\0constraint\";s:0:\"\";s:10:\"\0*\0package\";E:38:\"Laravel\\Roster\\Enums\\Packages:ALPINEJS\";s:14:\"\0*\0packageName\";s:8:\"alpinejs\";s:10:\"\0*\0version\";s:6:\"3.15.8\";s:6:\"\0*\0dev\";b:1;}i:9;O:22:\"Laravel\\Roster\\Package\":6:{s:9:\"\0*\0direct\";b:0;s:13:\"\0*\0constraint\";s:0:\"\";s:10:\"\0*\0package\";E:41:\"Laravel\\Roster\\Enums\\Packages:TAILWINDCSS\";s:14:\"\0*\0packageName\";s:11:\"tailwindcss\";s:10:\"\0*\0version\";s:6:\"3.4.19\";s:6:\"\0*\0dev\";b:1;}}s:28:\"\0*\0escapeWhenCastingToString\";b:0;}s:21:\"\0*\0nodePackageManager\";E:43:\"Laravel\\Roster\\Enums\\NodePackageManager:NPM\";}s:9:\"timestamp\";i:1771334614;}',1771421014);
/*!40000 ALTER TABLE `cache` ENABLE KEYS */;
UNLOCK TABLES;

--
-- Table structure for table `cache_locks`
--

DROP TABLE IF EXISTS `cache_locks`;
/*!40101 SET @saved_cs_client     = @@character_set_client */;
/*!50503 SET character_set_client = utf8mb4 */;
CREATE TABLE `cache_locks` (
  `key` varchar(255) COLLATE utf8mb4_unicode_ci NOT NULL,
  `owner` varchar(255) COLLATE utf8mb4_unicode_ci NOT NULL,
  `expiration` int NOT NULL,
  PRIMARY KEY (`key`)
) ENGINE=InnoDB DEFAULT CHARSET=utf8mb4 COLLATE=utf8mb4_unicode_ci;
/*!40101 SET character_set_client = @saved_cs_client */;

--
-- Dumping data for table `cache_locks`
--

LOCK TABLES `cache_locks` WRITE;
/*!40000 ALTER TABLE `cache_locks` DISABLE KEYS */;
/*!40000 ALTER TABLE `cache_locks` ENABLE KEYS */;
UNLOCK TABLES;

--
-- Table structure for table `doctor_schedules`
--

DROP TABLE IF EXISTS `doctor_schedules`;
/*!40101 SET @saved_cs_client     = @@character_set_client */;
/*!50503 SET character_set_client = utf8mb4 */;
CREATE TABLE `doctor_schedules` (
  `id` bigint unsigned NOT NULL AUTO_INCREMENT,
  `user_id` bigint unsigned NOT NULL,
  `schedule_date` date NOT NULL,
  `start_time` time NOT NULL,
  `end_time` time NOT NULL,
  `status` enum('available','booked','cancelled') COLLATE utf8mb4_unicode_ci NOT NULL DEFAULT 'available',
  `created_at` timestamp NULL DEFAULT NULL,
  `updated_at` timestamp NULL DEFAULT NULL,
  PRIMARY KEY (`id`),
  KEY `doctor_schedules_user_id_foreign` (`user_id`),
  CONSTRAINT `doctor_schedules_user_id_foreign` FOREIGN KEY (`user_id`) REFERENCES `users` (`id`) ON DELETE CASCADE
) ENGINE=InnoDB AUTO_INCREMENT=7 DEFAULT CHARSET=utf8mb4 COLLATE=utf8mb4_unicode_ci;
/*!40101 SET character_set_client = @saved_cs_client */;

--
-- Dumping data for table `doctor_schedules`
--

LOCK TABLES `doctor_schedules` WRITE;
/*!40000 ALTER TABLE `doctor_schedules` DISABLE KEYS */;
INSERT INTO `doctor_schedules` VALUES (1,3,'2026-02-20','08:00:00','12:00:00','available','2026-02-17 04:55:53','2026-02-17 04:55:53'),(2,4,'2026-02-20','08:00:00','12:00:00','available','2026-02-17 04:56:33','2026-02-17 04:56:33'),(3,5,'2026-02-20','08:00:00','12:00:00','available','2026-02-17 04:56:52','2026-02-17 04:56:52'),(4,3,'2026-02-21','08:00:00','12:00:00','available','2026-02-17 04:57:15','2026-02-17 04:57:15'),(5,4,'2026-02-21','08:00:00','12:00:00','available','2026-02-17 04:57:37','2026-02-17 04:57:37'),(6,5,'2026-02-21','08:00:00','12:00:00','available','2026-02-17 04:58:02','2026-02-17 04:58:02');
/*!40000 ALTER TABLE `doctor_schedules` ENABLE KEYS */;
UNLOCK TABLES;

--
-- Table structure for table `failed_jobs`
--

DROP TABLE IF EXISTS `failed_jobs`;
/*!40101 SET @saved_cs_client     = @@character_set_client */;
/*!50503 SET character_set_client = utf8mb4 */;
CREATE TABLE `failed_jobs` (
  `id` bigint unsigned NOT NULL AUTO_INCREMENT,
  `uuid` varchar(255) COLLATE utf8mb4_unicode_ci NOT NULL,
  `connection` text COLLATE utf8mb4_unicode_ci NOT NULL,
  `queue` text COLLATE utf8mb4_unicode_ci NOT NULL,
  `payload` longtext COLLATE utf8mb4_unicode_ci NOT NULL,
  `exception` longtext COLLATE utf8mb4_unicode_ci NOT NULL,
  `failed_at` timestamp NOT NULL DEFAULT CURRENT_TIMESTAMP,
  PRIMARY KEY (`id`),
  UNIQUE KEY `failed_jobs_uuid_unique` (`uuid`)
) ENGINE=InnoDB DEFAULT CHARSET=utf8mb4 COLLATE=utf8mb4_unicode_ci;
/*!40101 SET character_set_client = @saved_cs_client */;

--
-- Dumping data for table `failed_jobs`
--

LOCK TABLES `failed_jobs` WRITE;
/*!40000 ALTER TABLE `failed_jobs` DISABLE KEYS */;
/*!40000 ALTER TABLE `failed_jobs` ENABLE KEYS */;
UNLOCK TABLES;

--
-- Table structure for table `job_batches`
--

DROP TABLE IF EXISTS `job_batches`;
/*!40101 SET @saved_cs_client     = @@character_set_client */;
/*!50503 SET character_set_client = utf8mb4 */;
CREATE TABLE `job_batches` (
  `id` varchar(255) COLLATE utf8mb4_unicode_ci NOT NULL,
  `name` varchar(255) COLLATE utf8mb4_unicode_ci NOT NULL,
  `total_jobs` int NOT NULL,
  `pending_jobs` int NOT NULL,
  `failed_jobs` int NOT NULL,
  `failed_job_ids` longtext COLLATE utf8mb4_unicode_ci NOT NULL,
  `options` mediumtext COLLATE utf8mb4_unicode_ci,
  `cancelled_at` int DEFAULT NULL,
  `created_at` int NOT NULL,
  `finished_at` int DEFAULT NULL,
  PRIMARY KEY (`id`)
) ENGINE=InnoDB DEFAULT CHARSET=utf8mb4 COLLATE=utf8mb4_unicode_ci;
/*!40101 SET character_set_client = @saved_cs_client */;

--
-- Dumping data for table `job_batches`
--

LOCK TABLES `job_batches` WRITE;
/*!40000 ALTER TABLE `job_batches` DISABLE KEYS */;
/*!40000 ALTER TABLE `job_batches` ENABLE KEYS */;
UNLOCK TABLES;

--
-- Table structure for table `jobs`
--

DROP TABLE IF EXISTS `jobs`;
/*!40101 SET @saved_cs_client     = @@character_set_client */;
/*!50503 SET character_set_client = utf8mb4 */;
CREATE TABLE `jobs` (
  `id` bigint unsigned NOT NULL AUTO_INCREMENT,
  `queue` varchar(255) COLLATE utf8mb4_unicode_ci NOT NULL,
  `payload` longtext COLLATE utf8mb4_unicode_ci NOT NULL,
  `attempts` tinyint unsigned NOT NULL,
  `reserved_at` int unsigned DEFAULT NULL,
  `available_at` int unsigned NOT NULL,
  `created_at` int unsigned NOT NULL,
  PRIMARY KEY (`id`),
  KEY `jobs_queue_index` (`queue`)
) ENGINE=InnoDB DEFAULT CHARSET=utf8mb4 COLLATE=utf8mb4_unicode_ci;
/*!40101 SET character_set_client = @saved_cs_client */;

--
-- Dumping data for table `jobs`
--

LOCK TABLES `jobs` WRITE;
/*!40000 ALTER TABLE `jobs` DISABLE KEYS */;
/*!40000 ALTER TABLE `jobs` ENABLE KEYS */;
UNLOCK TABLES;

--
-- Table structure for table `migrations`
--

DROP TABLE IF EXISTS `migrations`;
/*!40101 SET @saved_cs_client     = @@character_set_client */;
/*!50503 SET character_set_client = utf8mb4 */;
CREATE TABLE `migrations` (
  `id` int unsigned NOT NULL AUTO_INCREMENT,
  `migration` varchar(255) COLLATE utf8mb4_unicode_ci NOT NULL,
  `batch` int NOT NULL,
  PRIMARY KEY (`id`)
) ENGINE=InnoDB AUTO_INCREMENT=7 DEFAULT CHARSET=utf8mb4 COLLATE=utf8mb4_unicode_ci;
/*!40101 SET character_set_client = @saved_cs_client */;

--
-- Dumping data for table `migrations`
--

LOCK TABLES `migrations` WRITE;
/*!40000 ALTER TABLE `migrations` DISABLE KEYS */;
INSERT INTO `migrations` VALUES (1,'0001_01_01_000000_create_users_table',1),(2,'0001_01_01_000001_create_cache_table',1),(3,'0001_01_01_000002_create_jobs_table',1),(4,'2025_12_16_035703_add_new_field_to_users_table',1),(5,'2026_02_10_043142_create_doctor_schedules_table',1),(6,'2026_02_10_110104_create_queues_table',1);
/*!40000 ALTER TABLE `migrations` ENABLE KEYS */;
UNLOCK TABLES;

--
-- Table structure for table `password_reset_tokens`
--

DROP TABLE IF EXISTS `password_reset_tokens`;
/*!40101 SET @saved_cs_client     = @@character_set_client */;
/*!50503 SET character_set_client = utf8mb4 */;
CREATE TABLE `password_reset_tokens` (
  `email` varchar(255) COLLATE utf8mb4_unicode_ci NOT NULL,
  `token` varchar(255) COLLATE utf8mb4_unicode_ci NOT NULL,
  `created_at` timestamp NULL DEFAULT NULL,
  PRIMARY KEY (`email`)
) ENGINE=InnoDB DEFAULT CHARSET=utf8mb4 COLLATE=utf8mb4_unicode_ci;
/*!40101 SET character_set_client = @saved_cs_client */;

--
-- Dumping data for table `password_reset_tokens`
--

LOCK TABLES `password_reset_tokens` WRITE;
/*!40000 ALTER TABLE `password_reset_tokens` DISABLE KEYS */;
/*!40000 ALTER TABLE `password_reset_tokens` ENABLE KEYS */;
UNLOCK TABLES;

--
-- Table structure for table `queues`
--

DROP TABLE IF EXISTS `queues`;
/*!40101 SET @saved_cs_client     = @@character_set_client */;
/*!50503 SET character_set_client = utf8mb4 */;
CREATE TABLE `queues` (
  `id` bigint unsigned NOT NULL AUTO_INCREMENT,
  `docschId` bigint unsigned NOT NULL,
  `userId` bigint unsigned NOT NULL,
  `labelNo` varchar(255) COLLATE utf8mb4_unicode_ci NOT NULL,
  `period` varchar(255) COLLATE utf8mb4_unicode_ci NOT NULL,
  `Note` text COLLATE utf8mb4_unicode_ci,
  `status` enum('รอเรียก','กำลังใช้บริการ','เสร็จสิ้น','ยกเลิก') COLLATE utf8mb4_unicode_ci NOT NULL DEFAULT 'รอเรียก',
  `created_by` bigint unsigned NOT NULL,
  `created_at` timestamp NULL DEFAULT NULL,
  `updated_at` timestamp NULL DEFAULT NULL,
  PRIMARY KEY (`id`),
  KEY `queues_docschid_foreign` (`docschId`),
  KEY `queues_userid_foreign` (`userId`),
  CONSTRAINT `queues_docschid_foreign` FOREIGN KEY (`docschId`) REFERENCES `doctor_schedules` (`id`) ON DELETE CASCADE,
  CONSTRAINT `queues_userid_foreign` FOREIGN KEY (`userId`) REFERENCES `users` (`id`) ON DELETE CASCADE
) ENGINE=InnoDB AUTO_INCREMENT=7 DEFAULT CHARSET=utf8mb4 COLLATE=utf8mb4_unicode_ci;
/*!40101 SET character_set_client = @saved_cs_client */;

--
-- Dumping data for table `queues`
--

LOCK TABLES `queues` WRITE;
/*!40000 ALTER TABLE `queues` DISABLE KEYS */;
INSERT INTO `queues` VALUES (1,1,7,'Q-4671','08:00 - 08:20',NULL,'ยกเลิก',7,'2026-02-17 05:08:15','2026-02-17 05:08:58'),(2,1,6,'Q-4658','08:20 - 08:40',NULL,'ยกเลิก',6,'2026-02-17 05:21:58','2026-02-17 06:33:25'),(3,3,6,'Q-9632','08:00 - 08:20',NULL,'รอเรียก',6,'2026-02-17 05:36:50','2026-02-17 05:36:50'),(4,5,6,'Q-B75A','08:00 - 08:20',NULL,'รอเรียก',6,'2026-02-17 05:37:39','2026-02-17 05:37:39'),(5,5,6,'Q-021B','08:20 - 08:40',NULL,'ยกเลิก',6,'2026-02-17 05:37:57','2026-02-17 05:52:01'),(6,1,7,'Q-4923','08:40 - 09:00',NULL,'รอเรียก',7,'2026-02-17 06:36:48','2026-02-17 06:36:48');
/*!40000 ALTER TABLE `queues` ENABLE KEYS */;
UNLOCK TABLES;

--
-- Table structure for table `sessions`
--

DROP TABLE IF EXISTS `sessions`;
/*!40101 SET @saved_cs_client     = @@character_set_client */;
/*!50503 SET character_set_client = utf8mb4 */;
CREATE TABLE `sessions` (
  `id` varchar(255) COLLATE utf8mb4_unicode_ci NOT NULL,
  `user_id` bigint unsigned DEFAULT NULL,
  `ip_address` varchar(45) COLLATE utf8mb4_unicode_ci DEFAULT NULL,
  `user_agent` text COLLATE utf8mb4_unicode_ci,
  `payload` longtext COLLATE utf8mb4_unicode_ci NOT NULL,
  `last_activity` int NOT NULL,
  PRIMARY KEY (`id`),
  KEY `sessions_user_id_index` (`user_id`),
  KEY `sessions_last_activity_index` (`last_activity`)
) ENGINE=InnoDB DEFAULT CHARSET=utf8mb4 COLLATE=utf8mb4_unicode_ci;
/*!40101 SET character_set_client = @saved_cs_client */;

--
-- Dumping data for table `sessions`
--

LOCK TABLES `sessions` WRITE;
/*!40000 ALTER TABLE `sessions` DISABLE KEYS */;
INSERT INTO `sessions` VALUES ('21DnuIC4KyBpEXpVj351Z6PzYUQpy0g8zFnF9jGb',NULL,'127.0.0.1','Mozilla/5.0 (Windows NT 10.0; Win64; x64) AppleWebKit/537.36 (KHTML, like Gecko) Chrome/145.0.0.0 Safari/537.36','YTozOntzOjY6Il90b2tlbiI7czo0MDoiUzdXQk5OZktDWHliVUtuQjVrNWZERXQwbE93TUJNMUNxN3ZxaEx2YyI7czo5OiJfcHJldmlvdXMiO2E6Mjp7czozOiJ1cmwiO3M6MjE6Imh0dHA6Ly8xMjcuMC4wLjE6ODAwMCI7czo1OiJyb3V0ZSI7Tjt9czo2OiJfZmxhc2giO2E6Mjp7czozOiJvbGQiO2E6MDp7fXM6MzoibmV3IjthOjA6e319fQ==',1771328847),('EF03Z3E33YfKt9LuqOtGIGMyPRqZ6NfIX8sfc63G',NULL,'127.0.0.1','Mozilla/5.0 (Windows NT 10.0; Win64; x64) AppleWebKit/537.36 (KHTML, like Gecko) Chrome/145.0.0.0 Safari/537.36','YTozOntzOjY6Il90b2tlbiI7czo0MDoiY0FrUm44bXo5TDV4bFlnUkdyWHhWdmljNE9YOEw2MG9jTUJiTWtmOSI7czo5OiJfcHJldmlvdXMiO2E6Mjp7czozOiJ1cmwiO3M6Mjc6Imh0dHA6Ly8xMjcuMC4wLjE6ODAwMC9sb2dpbiI7czo1OiJyb3V0ZSI7czo1OiJsb2dpbiI7fXM6NjoiX2ZsYXNoIjthOjI6e3M6Mzoib2xkIjthOjA6e31zOjM6Im5ldyI7YTowOnt9fX0=',1771336679),('ILyAgNgnP6p5a6mO9FfKx02ISY9PXiTktCgaBDYL',NULL,'127.0.0.1','Mozilla/5.0 (Windows NT 10.0; Win64; x64) AppleWebKit/537.36 (KHTML, like Gecko) Chrome/145.0.0.0 Safari/537.36','YTozOntzOjY6Il90b2tlbiI7czo0MDoiaUw0dlc3aDY0aWl5MGhvMHBFWmEwV25ZSzhDWEUxY2pBY3ZUU3k4dSI7czo5OiJfcHJldmlvdXMiO2E6Mjp7czozOiJ1cmwiO3M6Mjc6Imh0dHA6Ly8xMjcuMC4wLjE6ODAwMC9sb2dpbiI7czo1OiJyb3V0ZSI7czo1OiJsb2dpbiI7fXM6NjoiX2ZsYXNoIjthOjI6e3M6Mzoib2xkIjthOjA6e31zOjM6Im5ldyI7YTowOnt9fX0=',1771336682),('M3wYbGAYM9ibYQ1IClkIpftL2PjhTrZpUIaUIucd',1,'127.0.0.1','Mozilla/5.0 (Windows NT 10.0; Win64; x64) AppleWebKit/537.36 (KHTML, like Gecko) Chrome/144.0.0.0 Safari/537.36','YTo0OntzOjY6Il90b2tlbiI7czo0MDoiQ2dyR2UzNlRIQmJBWmFneG5VNTZWcFdueDFIeUp2anVyd2RoOTNQdSI7czo2OiJfZmxhc2giO2E6Mjp7czozOiJvbGQiO2E6MDp7fXM6MzoibmV3IjthOjA6e319czo5OiJfcHJldmlvdXMiO2E6Mjp7czozOiJ1cmwiO3M6NDQ6Imh0dHA6Ly8xMjcuMC4wLjE6ODAwMC9hZG1pbi9yZXBvcnQvdXNlcnMvcGRmIjtzOjU6InJvdXRlIjtzOjE3OiJyZXBvcnRzLnVzZXJzLnBkZiI7fXM6NTA6ImxvZ2luX3dlYl81OWJhMzZhZGRjMmIyZjk0MDE1ODBmMDE0YzdmNThlYTRlMzA5ODlkIjtpOjE7fQ==',1771336672),('MyHKcxaDIz0WPVHlTzRlZSyifylHDYacRTU4ag8G',NULL,'127.0.0.1','Mozilla/5.0 (Windows NT 10.0; Win64; x64) AppleWebKit/537.36 (KHTML, like Gecko) Chrome/145.0.0.0 Safari/537.36','YTozOntzOjY6Il90b2tlbiI7czo0MDoiRlI1a04ybG9JczdrdEpJTEk2MVozc3RycG9tNFhXZ3pmck9Jc3poWiI7czo5OiJfcHJldmlvdXMiO2E6Mjp7czozOiJ1cmwiO3M6MjE6Imh0dHA6Ly8xMjcuMC4wLjE6ODAwMCI7czo1OiJyb3V0ZSI7Tjt9czo2OiJfZmxhc2giO2E6Mjp7czozOiJvbGQiO2E6MDp7fXM6MzoibmV3IjthOjA6e319fQ==',1771328714),('YvIPPhfXCKOuDE5T4f1rnopWpXzPJxQz4xNEh8nU',NULL,'127.0.0.1','Mozilla/5.0 (Windows NT 10.0; Win64; x64) AppleWebKit/537.36 (KHTML, like Gecko) Chrome/145.0.0.0 Safari/537.36','YTozOntzOjY6Il90b2tlbiI7czo0MDoiT3B2T3FGWk1pZXhQRUZmRGExY0UxUUl2NGJwUHN0UFFldE5QdU9acCI7czo5OiJfcHJldmlvdXMiO2E6Mjp7czozOiJ1cmwiO3M6MjE6Imh0dHA6Ly8xMjcuMC4wLjE6ODAwMCI7czo1OiJyb3V0ZSI7Tjt9czo2OiJfZmxhc2giO2E6Mjp7czozOiJvbGQiO2E6MDp7fXM6MzoibmV3IjthOjA6e319fQ==',1771332774),('ZojXzuw9ZoNse2EyXK39sEvOQvaxtadOUf1V4bHP',NULL,'127.0.0.1','Mozilla/5.0 (Windows NT 10.0; Win64; x64) AppleWebKit/537.36 (KHTML, like Gecko) Chrome/145.0.0.0 Safari/537.36','YTozOntzOjY6Il90b2tlbiI7czo0MDoiaGwwUUZoQmNEY1FKNmo4S2RzRldSalNpa1ZJbVI2c2N0emdXSDB2NSI7czo5OiJfcHJldmlvdXMiO2E6Mjp7czozOiJ1cmwiO3M6Mjc6Imh0dHA6Ly8xMjcuMC4wLjE6ODAwMC9sb2dpbiI7czo1OiJyb3V0ZSI7czo1OiJsb2dpbiI7fXM6NjoiX2ZsYXNoIjthOjI6e3M6Mzoib2xkIjthOjA6e31zOjM6Im5ldyI7YTowOnt9fX0=',1771332941);
/*!40000 ALTER TABLE `sessions` ENABLE KEYS */;
UNLOCK TABLES;

--
-- Table structure for table `users`
--

DROP TABLE IF EXISTS `users`;
/*!40101 SET @saved_cs_client     = @@character_set_client */;
/*!50503 SET character_set_client = utf8mb4 */;
CREATE TABLE `users` (
  `id` bigint unsigned NOT NULL AUTO_INCREMENT,
  `name` varchar(255) COLLATE utf8mb4_unicode_ci NOT NULL,
  `email` varchar(255) COLLATE utf8mb4_unicode_ci NOT NULL,
  `email_verified_at` timestamp NULL DEFAULT NULL,
  `password` varchar(255) COLLATE utf8mb4_unicode_ci NOT NULL,
  `remember_token` varchar(100) COLLATE utf8mb4_unicode_ci DEFAULT NULL,
  `created_at` timestamp NULL DEFAULT NULL,
  `updated_at` timestamp NULL DEFAULT NULL,
  `role` enum('Patient','Staff','admin','Doctor') COLLATE utf8mb4_unicode_ci NOT NULL DEFAULT 'Patient',
  `status` enum('active','inactive','banned') COLLATE utf8mb4_unicode_ci NOT NULL DEFAULT 'active',
  PRIMARY KEY (`id`),
  UNIQUE KEY `users_email_unique` (`email`)
) ENGINE=InnoDB AUTO_INCREMENT=8 DEFAULT CHARSET=utf8mb4 COLLATE=utf8mb4_unicode_ci;
/*!40101 SET character_set_client = @saved_cs_client */;

--
-- Dumping data for table `users`
--

LOCK TABLES `users` WRITE;
/*!40000 ALTER TABLE `users` DISABLE KEYS */;
INSERT INTO `users` VALUES (1,'admin001','admin001@gmail.com',NULL,'$2y$12$7v2SguHy7sCqluHs0cowMOgm/kYiY7q6JObynBkV.aS.sVXwLrEbe',NULL,'2026-02-17 04:46:17','2026-02-17 04:46:17','admin','active'),(3,'doctor001','doctor001@gmail.com',NULL,'$2y$12$DDFXKOwYnoyHRUwEUkljPOyctMrvnbvKEeaHZ4Ln0waxMGSNIGtSG',NULL,'2026-02-17 04:52:24','2026-02-17 04:52:24','Doctor','active'),(4,'doctor002','doctor002@gmail.com',NULL,'$2y$12$nrnoXhMgyZ76rr8WOt5HKe4FGktB57gwvUTFCabjX9nM8Ur6KnZWu',NULL,'2026-02-17 04:52:58','2026-02-17 04:52:58','Doctor','active'),(5,'doctor003','doctor003@gmail.com',NULL,'$2y$12$jl0TkLa1/QLrO1Z7fAix/eHMEIUCEPsV9ChkEEuD14mX7KJp35Wqe',NULL,'2026-02-17 04:53:15','2026-02-17 04:53:15','Doctor','active'),(6,'staff001','staff001@gmail.com',NULL,'$2y$12$R2wMmHkMaVkDKD6tkHPYbevcxSWNzr2JzH2TphWFJFyWZ2oavCOf2',NULL,'2026-02-17 04:53:31','2026-02-17 04:53:31','Staff','active'),(7,'user01','user001@gmail.com',NULL,'$2y$12$3Bh5C2pcPypiC55gpjacuO5qYzBf1pw8Mwg/Vy.S6OW6MEpESysJy',NULL,'2026-02-17 04:59:15','2026-02-17 04:59:15','Patient','active');
/*!40000 ALTER TABLE `users` ENABLE KEYS */;
UNLOCK TABLES;
SET @@SESSION.SQL_LOG_BIN = @MYSQLDUMP_TEMP_LOG_BIN;
/*!40103 SET TIME_ZONE=@OLD_TIME_ZONE */;

/*!40101 SET SQL_MODE=@OLD_SQL_MODE */;
/*!40014 SET FOREIGN_KEY_CHECKS=@OLD_FOREIGN_KEY_CHECKS */;
/*!40014 SET UNIQUE_CHECKS=@OLD_UNIQUE_CHECKS */;
/*!40101 SET CHARACTER_SET_CLIENT=@OLD_CHARACTER_SET_CLIENT */;
/*!40101 SET CHARACTER_SET_RESULTS=@OLD_CHARACTER_SET_RESULTS */;
/*!40101 SET COLLATION_CONNECTION=@OLD_COLLATION_CONNECTION */;
/*!40111 SET SQL_NOTES=@OLD_SQL_NOTES */;

-- Dump completed on 2026-02-17 21:00:30
